Ticker,Name,1W,1M,3M,6M,9M,12M
USO,United States Oil Fund,-2.13,8.95,41.05,14.47,109.25,95.28
IBB,iShares Nasdaq Biotechnology ETF,1.9,0.71,10.74,24.71,23.4,48.13
DBC,Invesco DB Commodity Index Tracking Fund,-1.7,3.26,22.19,11.64,43.71,47.69
DJP,iPath Bloomberg Commodity Index Total Return ETN,-2.42,0.33,18.38,7.02,35.72,45.37
SLX,VanEck Steel ETF,-2.42,-5.32,5.58,11.38,20.16,43.25
XLK,Technology Select Sector SPDR,0.21,5.08,5.58,47.64,34.68,40.37
XLE,Energy Select Sector SPDR,-1.39,-3.27,17.15,1.72,40.56,40.1
SLV,iShares Silver Trust,-6.28,-9.35,1.74,-20.0,-17.42,28.26
DBB,Invesco DB Base Metals Fund,-1.98,-1.21,5.68,7.66,12.54,26.34
EWJ,iShares MSCI Japan ETF,0.42,1.65,4.74,16.05,20.84,26.26
XLV,Health Care Select Sector SPDR,-0.23,-0.87,5.97,15.82,9.43,26.0
EWZ,iShares MSCI Brazil Capped ETF,-0.32,3.39,8.98,-2.05,20.09,25.6
QQQ,Invesco QQQ Trust,-0.19,3.32,2.12,28.44,19.56,24.14
VEA,Vanguard FTSE Developed Markets ETF,-1.13,-2.93,0.6,11.04,13.65,21.39
AMLP,Alerian MLP ETF,-3.19,-6.69,2.39,2.36,16.99,19.51
ACWI,iShares MSCI ACWI ETF,-0.91,-1.19,1.7,15.49,12.21,17.09
GDX,VanEck Gold Miners ETF,-6.16,-10.87,16.96,-4.33,2.27,16.8
IWM,iShares Russell 2000 ETF,-1.43,-5.21,-6.92,12.61,11.96,16.18
SPY,SPDR S&P 500 ETF,-0.67,-0.33,2.52,17.86,11.74,16.15
VTI,Vanguard Total Stock Market ETF,-0.81,-0.78,1.6,17.29,11.54,15.72
EFA,iShares MSCI EAFE ETF,-0.87,-3.31,0.84,8.65,9.61,15.55
EZU,iShares MSCI Eurozone ETF,-1.1,-4.44,-1.49,9.41,6.92,12.47
VWO,Vanguard FTSE Emerging Markets ETF,-1.35,-1.81,0.34,10.07,10.98,12.46
XLB,Materials Select Sector SPDR,-3.14,-7.15,-4.11,-1.73,7.84,11.19
GAL,SPDR SSGA Global Allocation ETF,-0.99,-2.06,0.1,7.38,7.16,10.58
XLI,Industrial Select Sector SPDR,-1.83,-4.4,-8.69,3.78,7.29,10.35
IYT,iShares Transportation Average ETF,-1.55,-7.57,-10.09,5.68,5.41,9.62
EZA,iShares MSCI South Africa ETF,-3.7,-9.25,1.99,-3.57,-4.45,8.73
DBA,Invesco DB Agriculture Fund,-1.44,-4.02,4.77,3.0,9.71,8.34
EWA,iShares MSCI Australia ETF,-0.18,-5.7,2.2,3.41,8.41,8.22
GLD,SPDR Gold Trust,-3.06,-6.75,2.76,-11.49,-4.46,8.05
EWH,iShares MSCI Hong Kong ETF,-1.34,-3.49,4.99,-2.7,4.69,7.85
FXA,CurrencyShares Australian Dollar Trust,-1.38,-2.96,1.16,1.26,4.68,6.76
XLP,Consumer Staples Select Sector SPDR,-2.22,-4.53,-2.6,-0.35,4.95,6.02
RWO,SPDR Dow Jones Global Real Estate ETF,-1.55,-5.36,-5.83,3.21,4.48,5.92
VNQ,Vanguard Real Estate ETF,-1.99,-6.26,-6.62,2.82,3.53,2.16
XLRE,Real Estate Select Sector SPDR,-2.22,-6.47,-6.62,1.92,3.11,0.94
HYG,iShares iBoxx $ High Yield Corporate Bond ETF,-1.14,-2.73,-1.99,0.01,-0.34,0.85
FXB,CurrencyShares British Pound Sterling Trust,0.21,-1.93,0.4,1.26,-0.27,0.8
EMB,iShares J.P. Morgan USD EM Bond ETF,-1.96,-3.73,-4.56,-0.71,-2.63,0.22
XLF,Financial Select Sector SPDR,-2.09,-7.14,-2.17,8.93,-2.29,0.21
NZDUSD,NZD/USD spot rate,-0.7,-4.42,-1.25,-3.0,-2.02,-2.05
FXC,CurrencyShares Canadian Dollar Trust,-0.88,-2.77,-0.13,-2.19,-3.71,-2.06
TIP,iShares TIPS Bond ETF,-0.73,-2.6,-3.11,-2.5,-2.32,-2.21
FXE,CurrencyShares Euro Trust,-0.51,-2.44,-0.23,-1.61,-3.21,-2.65
LQD,iShares iBoxx $ Investment Grade Corporate Bond ETF,-1.65,-3.39,-4.99,-3.99,-4.87,-4.13
FXF,CurrencyShares Swiss Franc Trust,-1.28,-3.3,-3.24,-4.55,-5.9,-5.08
IFGL,iShares International Developed Real Estate ETF,-1.66,-6.13,-5.67,-5.15,-7.71,-5.71
FXY,CurrencyShares Japanese Yen Trust,0.62,1.48,3.21,0.62,-0.43,-5.91
VNQI,Vanguard Global ex-U.S. Real Estate ETF,-1.62,-4.96,-5.13,-4.34,-7.59,-6.29
XLU,Utilities Select Sector SPDR,-0.78,-5.92,-11.26,-12.87,-6.06,-6.81
XLY,Consumer Discretionary Select SPDR,-1.64,-6.44,-7.63,0.29,-9.38,-8.84
TLT,iShares 20+ Year Treasury Bond ETF,-3.33,-5.38,-8.33,-8.18,-8.97,-9.25
INDA,iShares MSCI India ETF,-2.85,-6.08,-5.14,-0.34,-12.7,-10.51
XHB,SPDR S&P Homebuilders ETF,-1.09,-6.07,-14.26,-2.04,-7.22,-12.17
URA,Global X Uranium ETF,-5.1,-12.44,-7.71,-17.72,-8.72,-14.28
FXI,iShares China Large-Cap ETF,-0.99,-3.82,6.41,-4.53,-10.9,-15.45
UNG,United States Natural Gas Fund,-4.6,-1.61,-9.98,-11.59,-20.54,-19.11
